incident_id,url,date,num_identified_casualties,num_identified_killed
ispt0001,https://airwars.org/civilian-casualties/ispt0001-october-7-2023/,2023-10-07,3,1
ispt0005,https://airwars.org/civilian-casualties/ispt0005-october-7-2023/,2023-10-07,2,2
ispt0006,https://airwars.org/civilian-casualties/ispt0006-october-7-2023/,2023-10-07,2,2
ispt00012,https://airwars.org/civilian-casualties/ispt00012-october-7-2023/,2023-10-07,1,1
ispt00013,https://airwars.org/civilian-casualties/ispt00013-october-7-2023/,2023-10-07,1,0
ispt0004,https://airwars.org/civilian-casualties/ispt0004-october-7-2023/,2023-10-07,15,15
ispt0007,https://airwars.org/civilian-casualties/ispt0007-october-7-2023/,2023-10-07,0,0
ispt0008,https://airwars.org/civilian-casualties/ispt0008-october-7-2023/,2023-10-07,19,18
ispt0002,https://airwars.org/civilian-casualties/ispt0002-october-7-2023/,2023-10-07,11,7
ispt0003,https://airwars.org/civilian-casualties/ispt0003-october-7-2023/,2023-10-07,1,1
ispt0010,https://airwars.org/civilian-casualties/ispt0010-october-7-2023/,2023-10-07,6,6
ispt0011,https://airwars.org/civilian-casualties/ispt0011-october-7-2023/,2023-10-07,19,19
ispt0017,https://airwars.org/civilian-casualties/ispt0017-october-7-2023/,2023-10-07,27,27
ispt0018,https://airwars.org/civilian-casualties/ispt0018-october-7-2023/,2023-10-07,1,1
ispt0019,https://airwars.org/civilian-casualties/ispt0019-october-7-2023/,2023-10-07,1,1
ispt0019a,https://airwars.org/civilian-casualties/ispt0019a-october-7-2023/,2023-10-07,1,1
ispt0029,https://airwars.org/civilian-casualties/ispt0029-october-8-2023/,2023-10-08,2,0
ispt0020,https://airwars.org/civilian-casualties/ispt0020-october-8-2023/,2023-10-08,16,16
ispt0027,https://airwars.org/civilian-casualties/ispt0027-october-8-2023/,2023-10-08,10,10
ispt0022,https://airwars.org/civilian-casualties/ispt0022-october-8-2023/,2023-10-08,3,0
ispt0023,https://airwars.org/civilian-casualties/ispt0023-october-8-2023/,2023-10-08,0,0
ispt0024,https://airwars.org/civilian-casualties/ispt0024-october-8-2023/,2023-10-08,4,3
ispt0025,https://airwars.org/civilian-casualties/ispt0025-october-8-2023/,2023-10-08,0,0
ispt0035,https://airwars.org/civilian-casualties/ispt0035-october-8-2023/,2023-10-08,7,7
ispt0028,https://airwars.org/civilian-casualties/ispt0028-october-8-2023/,2023-10-08,4,4
ispt0034,https://airwars.org/civilian-casualties/ispt0034-october-8-2023/,2023-10-08,0,0
ispt0036,https://airwars.org/civilian-casualties/ispt0036-october-8-2023/,2023-10-08,6,6
ispt0041,https://airwars.org/civilian-casualties/ispt0041-october-8-2023/,2023-10-08,4,4
ispt0026,https://airwars.org/civilian-casualties/ispt0026-october-8-2023/,2023-10-08,1,1
ispt0031,https://airwars.org/civilian-casualties/ispt0031-october-8-2023/,2023-10-08,6,4
ispt0032,https://airwars.org/civilian-casualties/ispt0032-october-8-2023/,2023-10-08,22,22
ispt0044,https://airwars.org/civilian-casualties/ispt0044-october-9-2023/,2023-10-09,65,65
ispt0070,https://airwars.org/civilian-casualties/ispt0070-october-9-2023/,2023-10-09,1,0
ispt0097,https://airwars.org/civilian-casualties/ispt0097-october-9-2023/,2023-10-09,2,2
ispt0075a,https://airwars.org/civilian-casualties/ispt0075a-october-9-2023/,2023-10-09,0,0
ispt0042,https://airwars.org/civilian-casualties/ispt0042-october-9-2023/,2023-10-09,9,6
ispt0043,https://airwars.org/civilian-casualties/ispt0043-october-9-2023/,2023-10-09,5,4
ispt0075b,https://airwars.org/civilian-casualties/ispt0075b-october-9-2023/,2023-10-09,8,8
ispt0054,https://airwars.org/civilian-casualties/ispt0054-october-9-2023/,2023-10-09,15,3
ispt0049,https://airwars.org/civilian-casualties/ispt0049-october-9-2023/,2023-10-09,15,14
ispt0045,https://airwars.org/civilian-casualties/ispt0045-october-9-2023/,2023-10-09,5,5
ispt0046,https://airwars.org/civilian-casualties/ispt0046-october-9-2023/,2023-10-09,2,2
ispt0050,https://airwars.org/civilian-casualties/ispt0050-october-9-2023/,2023-10-09,18,18
ispt0051,https://airwars.org/civilian-casualties/ispt0051-october-9-2023/,2023-10-09,4,4
ispt0053,https://airwars.org/civilian-casualties/ispt0053-october-9-2023/,2023-10-09,4,4
ispt0055,https://airwars.org/civilian-casualties/ispt0055-october-9-2023/,2023-10-09,5,5
ispt0056,https://airwars.org/civilian-casualties/ispt0056-october-9-2023/,2023-10-09,15,15
ispt0057,https://airwars.org/civilian-casualties/ispt0057-october-9-2023/,2023-10-09,14,14
ispt0058,https://airwars.org/civilian-casualties/ispt0058-october-9-2023/,2023-10-09,0,0
ispt0059,https://airwars.org/civilian-casualties/ispt0059-october-9-2023/,2023-10-09,0,0
ispt0060,https://airwars.org/civilian-casualties/ispt0060-october-9-2023/,2023-10-09,0,0
ispt0062,https://airwars.org/civilian-casualties/ispt0062-october-9-2023/,2023-10-09,5,5
ispt0063,https://airwars.org/civilian-casualties/ispt0063-october-9-2023/,2023-10-09,3,3
ispt0064,https://airwars.org/civilian-casualties/ispt0064-october-9-2023/,2023-10-09,2,2
ispt0075,https://airwars.org/civilian-casualties/ispt0075-october-9-2023/,2023-10-09,6,6
ispt0065,https://airwars.org/civilian-casualties/ispt0065-october-9-2023/,2023-10-09,0,0
ispt0067,https://airwars.org/civilian-casualties/ispt0067-october-9-2023/,2023-10-09,10,10
ispt0073,https://airwars.org/civilian-casualties/ispt0073-october-9-2023/,2023-10-09,34,34
ispt0074,https://airwars.org/civilian-casualties/ispt0074-october-9-2023/,2023-10-09,1,1
ispt0134c,https://airwars.org/civilian-casualties/ispt0134c-october-9-2023/,2023-10-09,0,0
ispt0125,https://airwars.org/civilian-casualties/ispt0125-october-10-2023/,2023-10-10,34,34
ispt0078,https://airwars.org/civilian-casualties/ispt0078-october-10-2023/,2023-10-10,0,0
ispt0077,https://airwars.org/civilian-casualties/ispt0077-october-10-2023/,2023-10-10,5,5
ispt0079,https://airwars.org/civilian-casualties/ispt0079-october-10-2023/,2023-10-10,6,5
ispt0080,https://airwars.org/civilian-casualties/ispt0080-october-10-2023/,2023-10-10,9,9
ispt0081,https://airwars.org/civilian-casualties/ispt0081-october-10-2023/,2023-10-10,24,21
ispt0082,https://airwars.org/civilian-casualties/ispt0082-october-10-2023/,2023-10-10,22,22
ispt0102k,https://airwars.org/civilian-casualties/ispt0102k-october-10-2023/,2023-10-10,2,2
ispt0107,https://airwars.org/civilian-casualties/ispt0107-october-10-2023/,2023-10-10,7,7
ispt0116a,https://airwars.org/civilian-casualties/ispt0116a-october-10-2023/,2023-10-10,4,4
ispt0102l,https://airwars.org/civilian-casualties/ispt0102l-october-10-2023/,2023-10-10,3,1
ispt0102m,https://airwars.org/civilian-casualties/ispt0102m-october-10-2023/,2023-10-10,15,14
ispt0096,https://airwars.org/civilian-casualties/ispt0096-october-10-2023/,2023-10-10,18,18
ispt0102n,https://airwars.org/civilian-casualties/ispt0102n-october-10-2023/,2023-10-10,4,4
ispt0102p,https://airwars.org/civilian-casualties/ispt0102p-october-10-2023/,2023-10-10,9,7
ispt0087,https://airwars.org/civilian-casualties/ispt0087-october-10-2023/,2023-10-10,0,0
ispt0088,https://airwars.org/civilian-casualties/ispt0088-october-10-2023/,2023-10-10,7,7
ispt0089,https://airwars.org/civilian-casualties/ispt0089-october-10-2023/,2023-10-10,20,20
ispt0092,https://airwars.org/civilian-casualties/ispt0092-october-10-2023/,2023-10-10,8,7
ispt0094,https://airwars.org/civilian-casualties/ispt0094-october-10-2023/,2023-10-10,13,13
ispt0095,https://airwars.org/civilian-casualties/ispt0095-october-10-2023/,2023-10-10,0,0
ispt0102c,https://airwars.org/civilian-casualties/ispt0102c-october-10-2023/,2023-10-10,2,1
ispt0093,https://airwars.org/civilian-casualties/ispt0093-october-10-2023/,2023-10-10,7,7
ispt0099,https://airwars.org/civilian-casualties/ispt0099-october-10-2023/,2023-10-10,2,2
ispt0102g,https://airwars.org/civilian-casualties/ispt0102g-october-10-2023/,2023-10-10,1,1
ispt0086,https://airwars.org/civilian-casualties/ispt0086-october-10-2023/,2023-10-10,0,0
ispt0102f,https://airwars.org/civilian-casualties/ispt0102f-october-10-2023/,2023-10-10,0,0
ispt0102j,https://airwars.org/civilian-casualties/ispt0102j-october-10-2023/,2023-10-10,6,6
ispt0102q,https://airwars.org/civilian-casualties/ispt0102q-october-10-2023/,2023-10-10,2,2
ispt0107c,https://airwars.org/civilian-casualties/ispt0107c-october-10-2023/,2023-10-10,2,2
ispt0102z,https://airwars.org/civilian-casualties/ispt0102z-october-10-2023/,2023-10-10,12,12
ispt0101,https://airwars.org/civilian-casualties/ispt0101-october-10-2023/,2023-10-10,13,13
ispt0098,https://airwars.org/civilian-casualties/ispt0098-october-10-2023/,2023-10-10,6,6
ispt0126,https://airwars.org/civilian-casualties/ispt0126-october-11-2023/,2023-10-11,0,0
ispt0102a,https://airwars.org/civilian-casualties/ispt0102a-october-11-2023/,2023-10-11,3,3
ispt0102b,https://airwars.org/civilian-casualties/ispt0102b-october-11-2023/,2023-10-11,1,1
ispt0103,https://airwars.org/civilian-casualties/ispt0103-october-11-2023/,2023-10-11,6,6
ispt0104,https://airwars.org/civilian-casualties/ispt0104-october-11-2023/,2023-10-11,10,10
ispt0106,https://airwars.org/civilian-casualties/ispt0106-october-11-2023/,2023-10-11,0,0
ispt0108,https://airwars.org/civilian-casualties/ispt0108-october-11-2023/,2023-10-11,1,1
ispt0112,https://airwars.org/civilian-casualties/ispt0112-october-11-2023/,2023-10-11,8,8
ispt0116b,https://airwars.org/civilian-casualties/ispt0116b-october-11-2023/,2023-10-11,2,2
ispt0124,https://airwars.org/civilian-casualties/ispt0124-october-11-2023/,2023-10-11,11,11
ispt0110,https://airwars.org/civilian-casualties/ispt0110-october-11-2023/,2023-10-11,3,2
ispt0111,https://airwars.org/civilian-casualties/ispt0111-october-11-2023/,2023-10-11,10,0
ispt0115,https://airwars.org/civilian-casualties/ispt0115-october-11-2023/,2023-10-11,13,13
ispt0117,https://airwars.org/civilian-casualties/ispt0117-october-11-2023/,2023-10-11,11,10
ispt0120,https://airwars.org/civilian-casualties/ispt0120-october-11-2023/,2023-10-11,0,0
ispt0121,https://airwars.org/civilian-casualties/ispt0121-october-11-2023/,2023-10-11,4,1
ispt0118,https://airwars.org/civilian-casualties/ispt0118-october-11-2023/,2023-10-11,8,8
ispt0122,https://airwars.org/civilian-casualties/ispt0122-october-11-2023/,2023-10-11,1,1
ispt0124a,https://airwars.org/civilian-casualties/ispt0124a-october-11-2023/,2023-10-11,9,8
ispt0134e,https://airwars.org/civilian-casualties/ispt0134e-october-11-2023/,2023-10-11,1,1
ispt0133,https://airwars.org/civilian-casualties/ispt0133-october-11-2023/,2023-10-11,17,17
ispt0131,https://airwars.org/civilian-casualties/ispt0131-october-11-2023/,2023-10-11,0,0
ispt0134,https://airwars.org/civilian-casualties/ispt0134-october-11-2023/,2023-10-11,19,0
ispt0134f,https://airwars.org/civilian-casualties/ispt0134f-october-11-2023/,2023-10-11,1,1
ispt0134b,https://airwars.org/civilian-casualties/ispt0134b-october-11-2023/,2023-10-11,31,15
ispt0128,https://airwars.org/civilian-casualties/ispt0128-october-11-2023/,2023-10-11,5,5
ispt0169,https://airwars.org/civilian-casualties/ispt0169-october-12-2023/,2023-10-12,1,1
ispt0144,https://airwars.org/civilian-casualties/ispt0144-october-12-2023/,2023-10-12,0,0
ispt0109,https://airwars.org/civilian-casualties/ispt0109-october-12-2023/,2023-10-12,9,9
ispt0136,https://airwars.org/civilian-casualties/ispt0136-october-12-2023/,2023-10-12,26,26
ispt0150,https://airwars.org/civilian-casualties/ispt0150-october-12-2023/,2023-10-12,13,13
ispt0135,https://airwars.org/civilian-casualties/ispt0135-october-12-2023/,2023-10-12,50,0
ispt0145,https://airwars.org/civilian-casualties/ispt0145-october-12-2023/,2023-10-12,3,3
ispt0146,https://airwars.org/civilian-casualties/ispt0146-october-12-2023/,2023-10-12,0,0
ispt0147,https://airwars.org/civilian-casualties/ispt0147-october-12-2023/,2023-10-12,0,0
ispt0137,https://airwars.org/civilian-casualties/ispt0137-october-12-2023/,2023-10-12,0,0
ispt0138,https://airwars.org/civilian-casualties/ispt0138-october-12-2023/,2023-10-12,12,12
ispt0140,https://airwars.org/civilian-casualties/ispt0140-october-12-2023/,2023-10-12,0,0
ispt0141,https://airwars.org/civilian-casualties/ispt0141-october-12-2023/,2023-10-12,2,1
ispt0142,https://airwars.org/civilian-casualties/ispt0142-october-12-2023/,2023-10-12,6,6
ispt0153,https://airwars.org/civilian-casualties/ispt0153-october-12-2023/,2023-10-12,0,0
ispt0148,https://airwars.org/civilian-casualties/ispt0148-october-12-2023/,2023-10-12,4,4
ispt0149,https://airwars.org/civilian-casualties/ispt0149-october-12-2023/,2023-10-12,3,3
ispt0154,https://airwars.org/civilian-casualties/ispt0154-october-12-2023/,2023-10-12,3,3
ispt0155,https://airwars.org/civilian-casualties/ispt0155-october-12-2023/,2023-10-12,2,2
ispt0160,https://airwars.org/civilian-casualties/ispt0160-october-12-2023/,2023-10-12,4,0
ispt0091,https://airwars.org/civilian-casualties/ispt0091-october-12-2023/,2023-10-12,6,6
ispt0165,https://airwars.org/civilian-casualties/ispt0165-october-12-2023/,2023-10-12,28,0
ispt0166,https://airwars.org/civilian-casualties/ispt0166-october-12-2023/,2023-10-12,0,0
ispt0168,https://airwars.org/civilian-casualties/ispt0168-october-12-2023/,2023-10-12,0,0
ispt0156,https://airwars.org/civilian-casualties/ispt0156-october-12-2023/,2023-10-12,6,6
ispt0157,https://airwars.org/civilian-casualties/ispt0157-october-12-2023/,2023-10-12,8,8
ispt0158,https://airwars.org/civilian-casualties/ispt0158-october-12-2023/,2023-10-12,1,1
ispt0159,https://airwars.org/civilian-casualties/ispt0159-october-12-2023/,2023-10-12,0,0
ispt0161,https://airwars.org/civilian-casualties/ispt0161-october-12-2023/,2023-10-12,4,4
ispt0162,https://airwars.org/civilian-casualties/ispt0162-october-12-2023/,2023-10-12,0,0
ispt0163,https://airwars.org/civilian-casualties/ispt0163-october-12-2023/,2023-10-12,0,0
ispt0173a,https://airwars.org/civilian-casualties/ispt0173a-october-12-2023/,2023-10-12,7,5
ispt0173,https://airwars.org/civilian-casualties/ispt0173-october-12-2023/,2023-10-12,9,9
ispt0145a,https://airwars.org/civilian-casualties/ispt0145a-october-12-2023/,2023-10-12,5,4
ispt0187,https://airwars.org/civilian-casualties/ispt0187-october-13-2023/,2023-10-13,1,1
ispt0174,https://airwars.org/civilian-casualties/ispt0174-october-13-2023/,2023-10-13,1,1
ispt0181,https://airwars.org/civilian-casualties/ispt0181-october-13-2023/,2023-10-13,1,1
ispt0182,https://airwars.org/civilian-casualties/ispt0182-october-13-2023/,2023-10-13,15,15
ispt0175,https://airwars.org/civilian-casualties/ispt0175-october-13-2023/,2023-10-13,12,12
ispt0177,https://airwars.org/civilian-casualties/ispt0177-october-13-2023/,2023-10-13,18,0
ispt0177a,https://airwars.org/civilian-casualties/ispt0177a-october-13-2023/,2023-10-13,4,4
ispt0178a,https://airwars.org/civilian-casualties/ispt0178a-october-13-2023/,2023-10-13,14,14
ispt0179,https://airwars.org/civilian-casualties/ispt0179-october-13-2023/,2023-10-13,30,30
ispt0179a,https://airwars.org/civilian-casualties/ispt0179a-october-13-2023/,2023-10-13,0,0
ispt0183,https://airwars.org/civilian-casualties/ispt0183-october-13-2023/,2023-10-13,2,2
ispt0184,https://airwars.org/civilian-casualties/ispt0184-october-13-2023/,2023-10-13,1,1
ispt0185,https://airwars.org/civilian-casualties/ispt0185-october-13-2023/,2023-10-13,0,0
ispt0186,https://airwars.org/civilian-casualties/ispt0186-october-13-2023/,2023-10-13,6,6
ispt0187b,https://airwars.org/civilian-casualties/ispt0187b-october-13-2023/,2023-10-13,1,1
ispt0187c,https://airwars.org/civilian-casualties/ispt0187c-october-13-2023/,2023-10-13,3,3
ispt0187e,https://airwars.org/civilian-casualties/ispt0187e-october-13-2023/,2023-10-13,7,5
ispt0187f,https://airwars.org/civilian-casualties/ispt0187f-october-13-2023/,2023-10-13,3,3
ispt0187ga,https://airwars.org/civilian-casualties/ispt0187ga-october-13-2023/,2023-10-13,12,4
ispt0187gc,https://airwars.org/civilian-casualties/ispt0187gc-october-13-2023/,2023-10-13,14,0
ispt0187gb,https://airwars.org/civilian-casualties/ispt0187gb-october-13-2023/,2023-10-13,15,15
ispt0145k,https://airwars.org/civilian-casualties/ispt0145k-october-13-2023/,2023-10-13,3,3
ispt0145l,https://airwars.org/civilian-casualties/ispt0145l-october-13-2023/,2023-10-13,1,1
ispt0187i,https://airwars.org/civilian-casualties/ispt0187i-october-13-2023/,2023-10-13,1,1
ispt0178,https://airwars.org/civilian-casualties/ispt0178-october-13-2023/,2023-10-13,17,16
ispt0197,https://airwars.org/civilian-casualties/ispt0197-october-14-2023/,2023-10-14,25,25
ispt0188,https://airwars.org/civilian-casualties/ispt0188-october-14-2023/,2023-10-14,1,1
ispt0190,https://airwars.org/civilian-casualties/ispt0190-october-14-2023/,2023-10-14,13,13
ispt0191,https://airwars.org/civilian-casualties/ispt0191-october-14-2023/,2023-10-14,10,10
ispt0195,https://airwars.org/civilian-casualties/ispt0195-october-14-2023/,2023-10-14,18,18
ispt0192,https://airwars.org/civilian-casualties/ispt0192-october-14-2023/,2023-10-14,0,0
ispt0241a,https://airwars.org/civilian-casualties/ispt0241a-october-14-2023/,2023-10-14,39,39
ispt0194,https://airwars.org/civilian-casualties/ispt0194-october-14-2023/,2023-10-14,38,34
ispt0189,https://airwars.org/civilian-casualties/ispt0189-october-14-2023/,2023-10-14,15,15
ispt0189a,https://airwars.org/civilian-casualties/ispt0189a-october-14-2023/,2023-10-14,3,3
ispt0193,https://airwars.org/civilian-casualties/ispt0193-october-14-2023/,2023-10-14,0,0
ispt0196,https://airwars.org/civilian-casualties/ispt0196-october-14-2023/,2023-10-14,0,0
ispt0200c,https://airwars.org/civilian-casualties/ispt0200c-october-14-2023/,2023-10-14,1,1
ispt0200,https://airwars.org/civilian-casualties/ispt0200-october-14-2023/,2023-10-14,16,16
ispt0200b,https://airwars.org/civilian-casualties/ispt0200b-october-14-2023/,2023-10-14,27,27
ispt0261,https://airwars.org/civilian-casualties/ispt0261-october-14-2023/,2023-10-14,16,16
ispt0241,https://airwars.org/civilian-casualties/ispt0241-october-14-2023/,2023-10-14,6,6
ispt0199,https://airwars.org/civilian-casualties/ispt0199-october-14-2023/,2023-10-14,0,0
ispt0241d,https://airwars.org/civilian-casualties/ispt0241d-october-14-2023/,2023-10-14,16,16
ispt0218,https://airwars.org/civilian-casualties/ispt0218-october-15-2023/,2023-10-15,4,4
ispt0236a,https://airwars.org/civilian-casualties/ispt0236a-october-15-2023/,2023-10-15,7,5
ispt0235,https://airwars.org/civilian-casualties/ispt0235-october-15-2023/,2023-10-15,7,7
ispt0231,https://airwars.org/civilian-casualties/ispt0231-october-15-2023/,2023-10-15,17,0
ispt0223,https://airwars.org/civilian-casualties/ispt0223-october-15-2023/,2023-10-15,5,5
ispt0201,https://airwars.org/civilian-casualties/ispt0201-october-15-2023/,2023-10-15,7,6
ispt0226,https://airwars.org/civilian-casualties/ispt0226-october-15-2023/,2023-10-15,16,16
ispt0227,https://airwars.org/civilian-casualties/ispt0227-october-15-2023/,2023-10-15,16,14
ispt0229,https://airwars.org/civilian-casualties/ispt0229-october-15-2023/,2023-10-15,0,0
ispt0239a,https://airwars.org/civilian-casualties/ispt0239a-october-15-2023/,2023-10-15,1,1
ispt0239,https://airwars.org/civilian-casualties/ispt0239-october-15-2023/,2023-10-15,5,5
ispt0214,https://airwars.org/civilian-casualties/ispt0214-october-15-2023/,2023-10-15,3,3
ispt0215,https://airwars.org/civilian-casualties/ispt0215-october-15-2023/,2023-10-15,4,4
ispt0219,https://airwars.org/civilian-casualties/ispt0219-october-15-2023/,2023-10-15,1,1
ispt0220,https://airwars.org/civilian-casualties/ispt0220-october-15-2023/,2023-10-15,0,0
ispt0221,https://airwars.org/civilian-casualties/ispt0221-october-15-2023/,2023-10-15,22,22
ispt0230,https://airwars.org/civilian-casualties/ispt0230-october-15-2023/,2023-10-15,7,7
ispt0222,https://airwars.org/civilian-casualties/ispt0222-october-15-2023/,2023-10-15,10,10
ispt0213,https://airwars.org/civilian-casualties/ispt0213-october-15-2023/,2023-10-15,8,8
ispt0205,https://airwars.org/civilian-casualties/ispt0205-october-15-2023/,2023-10-15,5,5
ispt0208,https://airwars.org/civilian-casualties/ispt0208-october-15-2023/,2023-10-15,0,0
ispt0200a,https://airwars.org/civilian-casualties/ispt0200a-october-15-2023/,2023-10-15,0,0
ispt0222a,https://airwars.org/civilian-casualties/ispt0222a-october-15-2023/,2023-10-15,0,0
ispt0239b,https://airwars.org/civilian-casualties/ispt0239b-october-15-2023/,2023-10-15,22,22
ispt0268,https://airwars.org/civilian-casualties/ispt0268-october-16-2023/,2023-10-16,6,6
ispt0238,https://airwars.org/civilian-casualties/ispt0238-october-16-2023/,2023-10-16,8,7
ispt0248,https://airwars.org/civilian-casualties/ispt0248-october-16-2023/,2023-10-16,4,4
ispt0253,https://airwars.org/civilian-casualties/ispt0253-october-16-2023/,2023-10-16,10,0
ispt0269,https://airwars.org/civilian-casualties/ispt0269-october-16-2023/,2023-10-16,13,11
ispt0245,https://airwars.org/civilian-casualties/ispt0245-october-16-2023/,2023-10-16,5,1
ispt0247,https://airwars.org/civilian-casualties/ispt0247-october-16-2023/,2023-10-16,20,19
ispt0254,https://airwars.org/civilian-casualties/ispt0254-october-16-2023/,2023-10-16,3,3
ispt0255,https://airwars.org/civilian-casualties/ispt0255-october-16-2023/,2023-10-16,5,5
ispt0256,https://airwars.org/civilian-casualties/ispt0256-october-16-2023/,2023-10-16,0,0
ispt0260,https://airwars.org/civilian-casualties/ispt0260-october-16-2023/,2023-10-16,0,0
ispt0262,https://airwars.org/civilian-casualties/ispt0262-october-16-2023/,2023-10-16,0,0
ispt0264,https://airwars.org/civilian-casualties/ispt0264-october-16-2023/,2023-10-16,0,0
ispt0266,https://airwars.org/civilian-casualties/ispt0266-october-16-2023/,2023-10-16,14,14
ispt0267,https://airwars.org/civilian-casualties/ispt0267-october-16-2023/,2023-10-16,5,1
ispt0244,https://airwars.org/civilian-casualties/ispt0244-october-16-2023/,2023-10-16,3,3
ispt0240,https://airwars.org/civilian-casualties/ispt0240-october-16-2023/,2023-10-16,3,2
ispt0242,https://airwars.org/civilian-casualties/ispt0242-october-16-2023/,2023-10-16,8,8
ispt0275,https://airwars.org/civilian-casualties/ispt0275-october-16-2023/,2023-10-16,0,0
ispt0243,https://airwars.org/civilian-casualties/ispt0243-october-16-2023/,2023-10-16,0,0
ispt0278,https://airwars.org/civilian-casualties/ispt0278-october-17-2023/,2023-10-17,56,0
ispt0290,https://airwars.org/civilian-casualties/ispt0290-october-17-2023/,2023-10-17,0,0
ispt0291,https://airwars.org/civilian-casualties/ispt0291-october-17-2023/,2023-10-17,12,12
ispt0281,https://airwars.org/civilian-casualties/ispt0281-october-17-2023/,2023-10-17,0,0
ispt0310,https://airwars.org/civilian-casualties/ispt0310-october-17-2023/,2023-10-17,1,1
ispt0284,https://airwars.org/civilian-casualties/ispt0284-october-17-2023/,2023-10-17,4,4
ispt0285,https://airwars.org/civilian-casualties/ispt0285-october-17-2023/,2023-10-17,12,12
ispt0306,https://airwars.org/civilian-casualties/ispt0306-october-17-2023/,2023-10-17,0,0
ispt0307,https://airwars.org/civilian-casualties/ispt0307-october-17-2023/,2023-10-17,0,0
ispt0300,https://airwars.org/civilian-casualties/ispt0300-october-17-2023/,2023-10-17,12,12
ispt0293,https://airwars.org/civilian-casualties/ispt0293-october-17-2023/,2023-10-17,4,4
ispt0294,https://airwars.org/civilian-casualties/ispt0294-october-17-2023/,2023-10-17,10,10
ispt0295,https://airwars.org/civilian-casualties/ispt0295-october-17-2023/,2023-10-17,9,9
ispt0297,https://airwars.org/civilian-casualties/ispt0297-october-17-2023/,2023-10-17,0,0
ispt0298,https://airwars.org/civilian-casualties/ispt0298-october-17-2023/,2023-10-17,20,20
ispt0299,https://airwars.org/civilian-casualties/ispt0299-october-17-2023/,2023-10-17,0,0
ispt0311,https://airwars.org/civilian-casualties/ispt0311-october-17-2023/,2023-10-17,0,0
ispt0305,https://airwars.org/civilian-casualties/ispt0305-october-17-2023/,2023-10-17,0,0
ispt0288,https://airwars.org/civilian-casualties/ispt0288-october-17-2023/,2023-10-17,0,0
ispt0296,https://airwars.org/civilian-casualties/ispt0296-october-17-2023/,2023-10-17,0,0
ispt0301,https://airwars.org/civilian-casualties/ispt0301-october-17-2023/,2023-10-17,0,0
ispt0302,https://airwars.org/civilian-casualties/ispt0302-october-17-2023/,2023-10-17,17,0
ispt0303,https://airwars.org/civilian-casualties/ispt0303-october-17-2023/,2023-10-17,0,0
ispt0312,https://airwars.org/civilian-casualties/ispt0312-october-17-2023/,2023-10-17,1,1
ispt0345,https://airwars.org/civilian-casualties/ispt0345-october-17-2023/,2023-10-17,0,0
ispt0286,https://airwars.org/civilian-casualties/ispt0286-october-17-2023/,2023-10-17,8,7
ispt0289,https://airwars.org/civilian-casualties/ispt0289-october-17-2023/,2023-10-17,4,3
ispt0279,https://airwars.org/civilian-casualties/ispt0279-october-17-2023/,2023-10-17,0,0
ispt0282,https://airwars.org/civilian-casualties/ispt0282-october-17-2023/,2023-10-17,6,0
ispt0283,https://airwars.org/civilian-casualties/ispt0283-october-17-2023/,2023-10-17,23,22
ispt0287,https://airwars.org/civilian-casualties/ispt0287-october-17-2023/,2023-10-17,16,0
ispt0332e,https://airwars.org/civilian-casualties/ispt0332e-october-17-2023/,2023-10-17,24,23
ispt0332g,https://airwars.org/civilian-casualties/ispt0332g-october-17-2023/,2023-10-17,1,1
ispt0332a,https://airwars.org/civilian-casualties/ispt0332a-october-17-2023/,2023-10-17,7,4
ispt0332b,https://airwars.org/civilian-casualties/ispt0332b-october-17-2023/,2023-10-17,1,1
ispt0332c,https://airwars.org/civilian-casualties/ispt0332c-october-17-2023/,2023-10-17,10,10
ispt0314,https://airwars.org/civilian-casualties/ispt0314-october-18-2023/,2023-10-18,3,3
ispt0315,https://airwars.org/civilian-casualties/ispt0315-october-18-2023/,2023-10-18,38,37
ispt0313,https://airwars.org/civilian-casualties/ispt0313-october-18-2023/,2023-10-18,4,1
ispt0325,https://airwars.org/civilian-casualties/ispt0325-october-18-2023/,2023-10-18,5,5
ispt0326,https://airwars.org/civilian-casualties/ispt0326-october-18-2023/,2023-10-18,0,0
ispt0327,https://airwars.org/civilian-casualties/ispt0327-october-18-2023/,2023-10-18,16,16
ispt0328,https://airwars.org/civilian-casualties/ispt0328-october-18-2023/,2023-10-18,7,7
ispt0329,https://airwars.org/civilian-casualties/ispt0329-october-18-2023/,2023-10-18,16,16
ispt0347,https://airwars.org/civilian-casualties/ispt0347-october-18-2023/,2023-10-18,4,4
ispt0336,https://airwars.org/civilian-casualties/ispt0336-october-18-2023/,2023-10-18,0,0
ispt0337,https://airwars.org/civilian-casualties/ispt0337-october-18-2023/,2023-10-18,0,0
ispt0339,https://airwars.org/civilian-casualties/ispt0339-october-18-2023/,2023-10-18,0,0
ispt0342,https://airwars.org/civilian-casualties/ispt0342-october-18-2023/,2023-10-18,15,15
ispt0343,https://airwars.org/civilian-casualties/ispt0343-october-18-2023/,2023-10-18,2,2
ispt0344,https://airwars.org/civilian-casualties/ispt0344-october-18-2023/,2023-10-18,0,0
ispt0346,https://airwars.org/civilian-casualties/ispt0346-october-18-2023/,2023-10-18,1,1
ispt0348,https://airwars.org/civilian-casualties/ispt0348-october-18-2023/,2023-10-18,7,7
ispt0349,https://airwars.org/civilian-casualties/ispt0349-october-18-2023/,2023-10-18,1,1
ispt0331,https://airwars.org/civilian-casualties/ispt0331-october-18-2023/,2023-10-18,0,0
ispt0334,https://airwars.org/civilian-casualties/ispt0334-october-18-2023/,2023-10-18,10,10
ispt0316,https://airwars.org/civilian-casualties/ispt0316-october-18-2023/,2023-10-18,14,13
ispt0317,https://airwars.org/civilian-casualties/ispt0317-october-18-2023/,2023-10-18,21,21
ispt0319,https://airwars.org/civilian-casualties/ispt0319-october-18-2023/,2023-10-18,0,0
ispt0320,https://airwars.org/civilian-casualties/ispt0320-october-18-2023/,2023-10-18,5,5
ispt0321,https://airwars.org/civilian-casualties/ispt0321-october-18-2023/,2023-10-18,0,0
ispt0322,https://airwars.org/civilian-casualties/ispt0322-october-18-2023/,2023-10-18,3,2
ispt0323,https://airwars.org/civilian-casualties/ispt0323-october-18-2023/,2023-10-18,0,0
ispt0318,https://airwars.org/civilian-casualties/ispt0318-october-18-2023/,2023-10-18,33,0
ispt0324,https://airwars.org/civilian-casualties/ispt0324-october-18-2023/,2023-10-18,0,0
ispt0359c,https://airwars.org/civilian-casualties/ispt0359c-october-18-2023/,2023-10-18,3,3
ispt0350,https://airwars.org/civilian-casualties/ispt0350-october-18-2023/,2023-10-18,0,0
ispt0351,https://airwars.org/civilian-casualties/ispt0351-october-18-2023/,2023-10-18,0,0
ispt0352,https://airwars.org/civilian-casualties/ispt0352-october-18-2023/,2023-10-18,28,28
ispt0353,https://airwars.org/civilian-casualties/ispt0353-october-18-2023/,2023-10-18,3,3
ispt0354,https://airwars.org/civilian-casualties/ispt0354-october-18-2023/,2023-10-18,5,5
ispt0355,https://airwars.org/civilian-casualties/ispt0355-october-18-2023/,2023-10-18,1,1
ispt0357,https://airwars.org/civilian-casualties/ispt0357-october-18-2023/,2023-10-18,4,4
ispt0358,https://airwars.org/civilian-casualties/ispt0358-october-18-2023/,2023-10-18,0,0
ispt0359,https://airwars.org/civilian-casualties/ispt0359-october-18-2023/,2023-10-18,11,11
ispt0359a,https://airwars.org/civilian-casualties/ispt0359a-october-18-2023/,2023-10-18,1,1
ispt0372,https://airwars.org/civilian-casualties/ispt0372-october-19-2023/,2023-10-19,26,23
ispt0404,https://airwars.org/civilian-casualties/ispt0404-october-19-2023/,2023-10-19,1,1
ispt0360,https://airwars.org/civilian-casualties/ispt0360-october-19-2023/,2023-10-19,5,5
ispt0333,https://airwars.org/civilian-casualties/ispt0333-october-19-2023/,2023-10-19,34,34
ispt0378,https://airwars.org/civilian-casualties/ispt0378-october-19-2023/,2023-10-19,8,8
ispt0361,https://airwars.org/civilian-casualties/ispt0361-october-19-2023/,2023-10-19,19,0
ispt0363,https://airwars.org/civilian-casualties/ispt0363-october-19-2023/,2023-10-19,0,0
ispt0364,https://airwars.org/civilian-casualties/ispt0364-october-19-2023/,2023-10-19,18,18
ispt0365,https://airwars.org/civilian-casualties/ispt0365-october-19-2023/,2023-10-19,1,1
ispt0366,https://airwars.org/civilian-casualties/ispt0366-october-19-2023/,2023-10-19,0,0
ispt0368,https://airwars.org/civilian-casualties/ispt0368-october-19-2023/,2023-10-19,2,2
ispt0369,https://airwars.org/civilian-casualties/ispt0369-october-19-2023/,2023-10-19,0,0
ispt0386,https://airwars.org/civilian-casualties/ispt0386-october-19-2023/,2023-10-19,0,0
ispt0389,https://airwars.org/civilian-casualties/ispt0389-october-19-2023/,2023-10-19,19,18
ispt0392e,https://airwars.org/civilian-casualties/ispt0392e-october-19-2023/,2023-10-19,0,0
ispt0383,https://airwars.org/civilian-casualties/ispt0383-october-19-2023/,2023-10-19,2,2
ispt0384,https://airwars.org/civilian-casualties/ispt0384-october-19-2023/,2023-10-19,15,0
ispt0385,https://airwars.org/civilian-casualties/ispt0385-october-19-2023/,2023-10-19,1,1
ispt0371,https://airwars.org/civilian-casualties/ispt0371-october-19-2023/,2023-10-19,19,18
ispt0374,https://airwars.org/civilian-casualties/ispt0374-october-19-2023/,2023-10-19,0,0
ispt0376,https://airwars.org/civilian-casualties/ispt0376-october-19-2023/,2023-10-19,0,0
ispt0379,https://airwars.org/civilian-casualties/ispt0379-october-19-2023/,2023-10-19,5,4
ispt0380,https://airwars.org/civilian-casualties/ispt0380-october-19-2023/,2023-10-19,2,2
ispt0381,https://airwars.org/civilian-casualties/ispt0381-october-19-2023/,2023-10-19,7,7
ispt0382,https://airwars.org/civilian-casualties/ispt0382-october-19-2023/,2023-10-19,4,4
ispt0377,https://airwars.org/civilian-casualties/ispt0377-october-19-2023/,2023-10-19,0,0
ispt0392,https://airwars.org/civilian-casualties/ispt0392-october-20-2023/,2023-10-20,18,18
ispt0392a,https://airwars.org/civilian-casualties/ispt0392a-october-20-2023/,2023-10-20,11,11
ispt0392b,https://airwars.org/civilian-casualties/ispt0392b-october-20-2023/,2023-10-20,1,1
ispt0392c,https://airwars.org/civilian-casualties/ispt0392c-october-20-2023/,2023-10-20,0,0
ispt0392d,https://airwars.org/civilian-casualties/ispt0392d-october-20-2023/,2023-10-20,0,0
ispt0401,https://airwars.org/civilian-casualties/ispt0401-october-20-2023/,2023-10-20,3,3
ispt0405,https://airwars.org/civilian-casualties/ispt0405-october-20-2023/,2023-10-20,12,12
ispt0412,https://airwars.org/civilian-casualties/ispt0412-october-20-2023/,2023-10-20,1,1
ispt0397,https://airwars.org/civilian-casualties/ispt0397-october-20-2023/,2023-10-20,15,15
ispt0398,https://airwars.org/civilian-casualties/ispt0398-october-20-2023/,2023-10-20,17,17
ispt0402,https://airwars.org/civilian-casualties/ispt0402-october-20-2023/,2023-10-20,27,25
ispt0403,https://airwars.org/civilian-casualties/ispt0403-october-20-2023/,2023-10-20,0,0
ispt0406,https://airwars.org/civilian-casualties/ispt0406-october-20-2023/,2023-10-20,2,2
ispt0407,https://airwars.org/civilian-casualties/ispt0407-october-20-2023/,2023-10-20,0,0
ispt0409,https://airwars.org/civilian-casualties/ispt0409-october-20-2023/,2023-10-20,0,0
ispt0411,https://airwars.org/civilian-casualties/ispt0411-october-20-2023/,2023-10-20,3,3
ispt0413,https://airwars.org/civilian-casualties/ispt0413-october-20-2023/,2023-10-20,17,17
ispt0414,https://airwars.org/civilian-casualties/ispt0414-october-20-2023/,2023-10-20,7,7
ispt0415,https://airwars.org/civilian-casualties/ispt0415-october-20-2023/,2023-10-20,8,8
ispt0415a,https://airwars.org/civilian-casualties/ispt0415a-october-20-2023/,2023-10-20,9,9
ispt0415b,https://airwars.org/civilian-casualties/ispt0415b-october-20-2023/,2023-10-20,18,0
ispt0395,https://airwars.org/civilian-casualties/ispt0395-october-20-2023/,2023-10-20,0,0
ispt0396,https://airwars.org/civilian-casualties/ispt0396-october-20-2023/,2023-10-20,22,19
ispt0415c,https://airwars.org/civilian-casualties/ispt0415c-october-20-2023/,2023-10-20,1,1
ispt0393,https://airwars.org/civilian-casualties/ispt0393-october-20-2023/,2023-10-20,2,1
ispt0394,https://airwars.org/civilian-casualties/ispt0394-october-20-2023/,2023-10-20,14,14
ispt0419,https://airwars.org/civilian-casualties/ispt0419-october-21-2023/,2023-10-21,6,6
ispt0417,https://airwars.org/civilian-casualties/ispt0417-october-21-2023/,2023-10-21,23,23
ispt0418,https://airwars.org/civilian-casualties/ispt0418-october-21-2023/,2023-10-21,7,7
ispt0420,https://airwars.org/civilian-casualties/ispt0420-october-21-2023/,2023-10-21,12,12
ispt0421,https://airwars.org/civilian-casualties/ispt0421-october-21-2023/,2023-10-21,0,0
ispt0422a,https://airwars.org/civilian-casualties/ispt0422a-october-21-2023/,2023-10-21,10,10
ispt0422b,https://airwars.org/civilian-casualties/ispt0422b-october-21-2023/,2023-10-21,12,11
ispt0422c,https://airwars.org/civilian-casualties/ispt0422c-october-21-2023/,2023-10-21,7,7
ispt0422d,https://airwars.org/civilian-casualties/ispt0422d-october-21-2023/,2023-10-21,5,5
ispt0423,https://airwars.org/civilian-casualties/ispt0423-october-21-2023/,2023-10-21,2,2
ispt0424,https://airwars.org/civilian-casualties/ispt0424-october-21-2023/,2023-10-21,10,0
ispt0427,https://airwars.org/civilian-casualties/ispt0427-october-21-2023/,2023-10-21,1,0
ispt0429,https://airwars.org/civilian-casualties/ispt0429-october-21-2023/,2023-10-21,15,15
ispt0437,https://airwars.org/civilian-casualties/ispt0437-october-21-2023/,2023-10-21,2,2
ispt0438,https://airwars.org/civilian-casualties/ispt0438-october-21-2023/,2023-10-21,7,6
ispt0439,https://airwars.org/civilian-casualties/ispt0439-october-21-2023/,2023-10-21,1,1
ispt0439a,https://airwars.org/civilian-casualties/ispt0439a-october-21-2023/,2023-10-21,0,0
ispt0439b,https://airwars.org/civilian-casualties/ispt0439b-october-21-2023/,2023-10-21,0,0
ispt0428,https://airwars.org/civilian-casualties/ispt0428-october-21-2023/,2023-10-21,4,4
ispt0431,https://airwars.org/civilian-casualties/ispt0431-october-21-2023/,2023-10-21,13,13
ispt0433,https://airwars.org/civilian-casualties/ispt0433-october-21-2023/,2023-10-21,4,1
ispt0434,https://airwars.org/civilian-casualties/ispt0434-october-21-2023/,2023-10-21,7,7
ispt0434b,https://airwars.org/civilian-casualties/ispt0434b-october-21-2023/,2023-10-21,5,5
ispt0440,https://airwars.org/civilian-casualties/ispt0440-october-21-2023/,2023-10-21,4,4
ispt0441,https://airwars.org/civilian-casualties/ispt0441-october-21-2023/,2023-10-21,0,0
ispt0442,https://airwars.org/civilian-casualties/ispt0442-october-21-2023/,2023-10-21,0,0
ispt0443,https://airwars.org/civilian-casualties/ispt0443-october-21-2023/,2023-10-21,2,2
ispt0445,https://airwars.org/civilian-casualties/ispt0445-october-21-2023/,2023-10-21,10,9
ispt0446,https://airwars.org/civilian-casualties/ispt0446-october-21-2023/,2023-10-21,3,3
ispt0447,https://airwars.org/civilian-casualties/ispt0447-october-21-2023/,2023-10-21,7,7
ispt0448a,https://airwars.org/civilian-casualties/ispt0448a-october-21-2023/,2023-10-21,15,15
ispt0448b,https://airwars.org/civilian-casualties/ispt0448b-october-21-2023/,2023-10-21,1,1
ispt0457,https://airwars.org/civilian-casualties/ispt0457-october-22-2023/,2023-10-22,3,3
ispt0458,https://airwars.org/civilian-casualties/ispt0458-october-22-2023/,2023-10-22,4,4
ispt0459,https://airwars.org/civilian-casualties/ispt0459-october-22-2023/,2023-10-22,1,1
ispt0449,https://airwars.org/civilian-casualties/ispt0449-october-22-2023/,2023-10-22,24,23
ispt0450,https://airwars.org/civilian-casualties/ispt0450-october-22-2023/,2023-10-22,8,5
ispt0451,https://airwars.org/civilian-casualties/ispt0451-october-22-2023/,2023-10-22,51,48
ispt0452,https://airwars.org/civilian-casualties/ispt0452-october-22-2023/,2023-10-22,27,0
ispt0453,https://airwars.org/civilian-casualties/ispt0453-october-22-2023/,2023-10-22,14,12
ispt0454,https://airwars.org/civilian-casualties/ispt0454-october-22-2023/,2023-10-22,23,0
ispt0455,https://airwars.org/civilian-casualties/ispt0455-october-22-2023/,2023-10-22,2,2
ispt0456,https://airwars.org/civilian-casualties/ispt0456-october-22-2023/,2023-10-22,26,19
ispt0461,https://airwars.org/civilian-casualties/ispt0461-october-22-2023/,2023-10-22,18,0
ispt0462,https://airwars.org/civilian-casualties/ispt0462-october-22-2023/,2023-10-22,15,15
ispt0463,https://airwars.org/civilian-casualties/ispt0463-october-22-2023/,2023-10-22,24,24
ispt0464,https://airwars.org/civilian-casualties/ispt0464-october-22-2023/,2023-10-22,6,3
ispt0466,https://airwars.org/civilian-casualties/ispt0466-october-22-2023/,2023-10-22,2,2
ispt0467,https://airwars.org/civilian-casualties/ispt0467-october-22-2023/,2023-10-22,16,16
ispt0468,https://airwars.org/civilian-casualties/ispt0468-october-22-2023/,2023-10-22,3,3
ispt0469,https://airwars.org/civilian-casualties/ispt0469-october-22-2023/,2023-10-22,11,11
ispt0470,https://airwars.org/civilian-casualties/ispt0470-october-22-2023/,2023-10-22,1,1
ispt0471,https://airwars.org/civilian-casualties/ispt0471-october-22-2023/,2023-10-22,0,0
ispt0473,https://airwars.org/civilian-casualties/ispt0473-october-22-2023/,2023-10-22,53,52
ispt0474,https://airwars.org/civilian-casualties/ispt0474-october-22-2023/,2023-10-22,14,13
ispt0465,https://airwars.org/civilian-casualties/ispt0465-october-22-2023/,2023-10-22,20,20
ispt0485,https://airwars.org/civilian-casualties/ispt0485-october-22-2023/,2023-10-22,13,13
ispt0486,https://airwars.org/civilian-casualties/ispt0486-october-22-2023/,2023-10-22,5,5
ispt0487,https://airwars.org/civilian-casualties/ispt0487-october-22-2023/,2023-10-22,11,11
ispt0488,https://airwars.org/civilian-casualties/ispt0488-october-22-2023/,2023-10-22,5,1
ispt0476,https://airwars.org/civilian-casualties/ispt0476-october-22-2023/,2023-10-22,5,5
ispt0477,https://airwars.org/civilian-casualties/ispt0477-october-22-2023/,2023-10-22,4,4
ispt0478,https://airwars.org/civilian-casualties/ispt0478-october-22-2023/,2023-10-22,0,0
ispt0479,https://airwars.org/civilian-casualties/ispt0479-october-22-2023/,2023-10-22,0,0
ispt0480,https://airwars.org/civilian-casualties/ispt0480-october-22-2023/,2023-10-22,11,11
ispt0481,https://airwars.org/civilian-casualties/ispt0481-october-22-2023/,2023-10-22,26,26
ispt0482,https://airwars.org/civilian-casualties/ispt0482-october-22-2023/,2023-10-22,1,1
ispt0483,https://airwars.org/civilian-casualties/ispt0483-october-22-2023/,2023-10-22,0,0
ispt0491,https://airwars.org/civilian-casualties/ispt0491-october-22-2023/,2023-10-22,2,1
ispt0134g,https://airwars.org/civilian-casualties/ispt0134g-october-23-2023/,2023-10-23,12,12
ispt0500,https://airwars.org/civilian-casualties/ispt0500-october-23-2023/,2023-10-23,0,0
ispt0492,https://airwars.org/civilian-casualties/ispt0492-october-23-2023/,2023-10-23,2,2
ispt0494,https://airwars.org/civilian-casualties/ispt0494-october-23-2023/,2023-10-23,0,0
ispt0495,https://airwars.org/civilian-casualties/ispt0495-october-23-2023/,2023-10-23,3,3
ispt0496,https://airwars.org/civilian-casualties/ispt0496-october-23-2023/,2023-10-23,7,6
ispt0497,https://airwars.org/civilian-casualties/ispt0497-october-23-2023/,2023-10-23,0,0
ispt0489,https://airwars.org/civilian-casualties/ispt0489-october-23-2023/,2023-10-23,0,0
ispt0490,https://airwars.org/civilian-casualties/ispt0490-october-23-2023/,2023-10-23,7,7
ispt0498,https://airwars.org/civilian-casualties/ispt0498-october-23-2023/,2023-10-23,10,0
ispt0575,https://airwars.org/civilian-casualties/ispt0575-october-23-2023/,2023-10-23,0,0
ispt0530,https://airwars.org/civilian-casualties/ispt0530-october-23-2023/,2023-10-23,16,16
ispt0524,https://airwars.org/civilian-casualties/ispt0524-october-23-2023/,2023-10-23,7,7
ispt0538,https://airwars.org/civilian-casualties/ispt0538-october-24-2023/,2023-10-24,12,9
ispt0537,https://airwars.org/civilian-casualties/ispt0537-october-24-2023/,2023-10-24,10,3
ispt0540,https://airwars.org/civilian-casualties/ispt0540-october-24-2023/,2023-10-24,2,0
ispt0542,https://airwars.org/civilian-casualties/ispt0542-october-24-2023/,2023-10-24,0,0
ispt0543,https://airwars.org/civilian-casualties/ispt0543-october-24-2023/,2023-10-24,23,21
ispt0544,https://airwars.org/civilian-casualties/ispt0544-october-24-2023/,2023-10-24,22,22
ispt0545,https://airwars.org/civilian-casualties/ispt0545-october-24-2023/,2023-10-24,0,0
ispt0546,https://airwars.org/civilian-casualties/ispt0546-october-24-2023/,2023-10-24,22,20
ispt0548,https://airwars.org/civilian-casualties/ispt0548-october-24-2023/,2023-10-24,17,17
ispt0549,https://airwars.org/civilian-casualties/ispt0549-october-24-2023/,2023-10-24,6,6
ispt0550,https://airwars.org/civilian-casualties/ispt0550-october-24-2023/,2023-10-24,16,16
ispt0551,https://airwars.org/civilian-casualties/ispt0551-october-24-2023/,2023-10-24,0,0
ispt0552,https://airwars.org/civilian-casualties/ispt0552-october-24-2023/,2023-10-24,22,0
ispt0553,https://airwars.org/civilian-casualties/ispt0553-october-24-2023/,2023-10-24,0,0
ispt0556,https://airwars.org/civilian-casualties/ispt0556-october-24-2023/,2023-10-24,0,0
ispt0557,https://airwars.org/civilian-casualties/ispt0557-october-24-2023/,2023-10-24,1,0
ispt0558,https://airwars.org/civilian-casualties/ispt0558-october-24-2023/,2023-10-24,22,0
ispt0559,https://airwars.org/civilian-casualties/ispt0559-october-24-2023/,2023-10-24,2,2
ispt0560,https://airwars.org/civilian-casualties/ispt0560-october-24-2023/,2023-10-24,0,0
ispt0561,https://airwars.org/civilian-casualties/ispt0561-october-24-2023/,2023-10-24,0,0
ispt0562,https://airwars.org/civilian-casualties/ispt0562-october-24-2023/,2023-10-24,6,4
ispt0563,https://airwars.org/civilian-casualties/ispt0563-october-24-2023/,2023-10-24,2,2
ispt0564,https://airwars.org/civilian-casualties/ispt0564-october-24-2023/,2023-10-24,3,3
ispt0565,https://airwars.org/civilian-casualties/ispt0565-october-24-2023/,2023-10-24,10,10
ispt0566,https://airwars.org/civilian-casualties/ispt0566-october-24-2023/,2023-10-24,0,0
ispt0567,https://airwars.org/civilian-casualties/ispt0567-october-24-2023/,2023-10-24,0,0
ispt0568,https://airwars.org/civilian-casualties/ispt0568-october-24-2023/,2023-10-24,9,8
ispt0569,https://airwars.org/civilian-casualties/ispt0569-october-24-2023/,2023-10-24,7,7
ispt0570,https://airwars.org/civilian-casualties/ispt0570-october-24-2023/,2023-10-24,0,0
ispt0571,https://airwars.org/civilian-casualties/ispt0571-october-24-2023/,2023-10-24,1,1
ispt0572,https://airwars.org/civilian-casualties/ispt0572-october-24-2023/,2023-10-24,0,0
ispt0573,https://airwars.org/civilian-casualties/ispt0573-october-24-2023/,2023-10-24,12,12
ispt0574,https://airwars.org/civilian-casualties/ispt0574-october-24-2023/,2023-10-24,2,2
ispt0576,https://airwars.org/civilian-casualties/ispt0576-october-24-2023/,2023-10-24,0,0
ispt0577,https://airwars.org/civilian-casualties/ispt0577-october-24-2023/,2023-10-24,11,11
ispt0578,https://airwars.org/civilian-casualties/ispt0578-october-24-2023/,2023-10-24,0,0
ispt0579,https://airwars.org/civilian-casualties/ispt0579-october-24-2023/,2023-10-24,0,0
ispt0583b,https://airwars.org/civilian-casualties/ispt0583b-october-24-2023/,2023-10-24,0,0
ispt0587,https://airwars.org/civilian-casualties/ispt0587-october-25-2023/,2023-10-25,115,109
ispt0584,https://airwars.org/civilian-casualties/ispt0584-october-25-2023/,2023-10-25,12,12
ispt0585,https://airwars.org/civilian-casualties/ispt0585-october-25-2023/,2023-10-25,14,14
ispt0591,https://airwars.org/civilian-casualties/ispt0591-october-25-2023/,2023-10-25,3,0
ispt0592,https://airwars.org/civilian-casualties/ispt0592-october-25-2023/,2023-10-25,22,20
ispt0593,https://airwars.org/civilian-casualties/ispt0593-october-25-2023/,2023-10-25,5,5
ispt0594,https://airwars.org/civilian-casualties/ispt0594-october-25-2023/,2023-10-25,7,7
ispt0595,https://airwars.org/civilian-casualties/ispt0595-october-25-2023/,2023-10-25,0,0
ispt0596,https://airwars.org/civilian-casualties/ispt0596-october-25-2023/,2023-10-25,6,6
ispt0586,https://airwars.org/civilian-casualties/ispt0586-october-25-2023/,2023-10-25,18,13
ispt0588,https://airwars.org/civilian-casualties/ispt0588-october-25-2023/,2023-10-25,17,17
ispt0589,https://airwars.org/civilian-casualties/ispt0589-october-25-2023/,2023-10-25,15,15
ispt0590,https://airwars.org/civilian-casualties/ispt0590-october-25-2023/,2023-10-25,3,3
ispt0628,https://airwars.org/civilian-casualties/ispt0628-october-26-2023/,2023-10-26,1,1
ispt0629,https://airwars.org/civilian-casualties/ispt0629-october-26-2023/,2023-10-26,0,0
ispt0638,https://airwars.org/civilian-casualties/ispt0638-october-26-2023/,2023-10-26,0,0
ispt0698,https://airwars.org/civilian-casualties/ispt0698-october-29-2023/,2023-10-29,38,34
ispt0699,https://airwars.org/civilian-casualties/ispt0699-october-29-2023/,2023-10-29,0,0
ispt0700,https://airwars.org/civilian-casualties/ispt0700-october-29-2023/,2023-10-29,20,20
ispt0701,https://airwars.org/civilian-casualties/ispt0701-october-29-2023/,2023-10-29,11,9
ispt0703,https://airwars.org/civilian-casualties/ispt0703-october-29-2023/,2023-10-29,3,3
ispt0754,https://airwars.org/civilian-casualties/ispt0754-october-30-2023/,2023-10-30,10,10
ispt0760,https://airwars.org/civilian-casualties/ispt0760-october-30-2023/,2023-10-30,0,0
ispt0783,https://airwars.org/civilian-casualties/ispt0783-october-31-2023/,2023-10-31,112,112
ispt0784,https://airwars.org/civilian-casualties/ispt0784-october-31-2023/,2023-10-31,138,0
ispt0821,https://airwars.org/civilian-casualties/ispt0821-november-2-2023/,2023-11-02,31,29
ispt0819,https://airwars.org/civilian-casualties/ispt0819-november-2-2023/,2023-11-02,12,12
ispt0905,https://airwars.org/civilian-casualties/ispt0905-november-5-2023/,2023-11-05,8,8
ispt0925,https://airwars.org/civilian-casualties/ispt0925-november-6-2023/,2023-11-06,13,12
ispt0984a,https://airwars.org/civilian-casualties/ispt0984a-november-8-2023/,2023-11-08,3,3
ispt1011,https://airwars.org/civilian-casualties/ispt1011-november-10-2023/,2023-11-10,6,6
ispt1023,https://airwars.org/civilian-casualties/ispt1023-november-10-2023/,2023-11-10,0,0
ispt1083,https://airwars.org/civilian-casualties/ispt1083-november-13-2023/,2023-11-13,1,1
ispt1122,https://airwars.org/civilian-casualties/ispt1122-november-15-2023/,2023-11-15,70,63
ispt1135a,https://airwars.org/civilian-casualties/ispt1135a-november-15-2023/,2023-11-15,2,1
ispt1177a,https://airwars.org/civilian-casualties/ispt1177a-november-17-2023/,2023-11-17,45,40
ispt1238,https://airwars.org/civilian-casualties/ispt1238-november-20-2023/,2023-11-20,2,2
ispt1234,https://airwars.org/civilian-casualties/ispt1234-november-20-2023/,2023-11-20,5,5
ispt1371,https://airwars.org/civilian-casualties/ispt1371-december-1-2023/,2023-12-01,1,1
ispt1336,https://airwars.org/civilian-casualties/ispt1336-december-1-2023/,2023-12-01,1,1
ispt1345,https://airwars.org/civilian-casualties/ispt1345-december-1-2023/,2023-12-01,4,4
ispt1406,https://airwars.org/civilian-casualties/ispt1406-december-2-2023/,2023-12-02,0,0
ispt1410,https://airwars.org/civilian-casualties/ispt1410-december-2-2023/,2023-12-02,20,0
ispt1417a,https://airwars.org/civilian-casualties/ispt1417a-december-2-2023/,2023-12-02,2,2
ispt1437,https://airwars.org/civilian-casualties/ispt1437-december-3-2023/,2023-12-03,0,0
ispt1483,https://airwars.org/civilian-casualties/ispt1483-december-5-2023/,2023-12-05,3,2
ispt1669,https://airwars.org/civilian-casualties/ispt1669-december-11-2023/,2023-12-11,104,0
ispt1697b,https://airwars.org/civilian-casualties/ispt1697b-december-12-2023/,2023-12-12,3,3
ispt1881a,https://airwars.org/civilian-casualties/ispt1881a-december-22-2023/,2023-12-22,79,79
ispt1923,https://airwars.org/civilian-casualties/ispt1923-december-24-2023/,2023-12-24,50,48
ispt281223a,https://airwars.org/civilian-casualties/ispt281223a-december-28-2023/,2023-12-28,10,10
ispt100124b,https://airwars.org/civilian-casualties/ispt100124b-january-10-2024/,2024-01-10,4,4
ispt100124a,https://airwars.org/civilian-casualties/ispt100124a-january-10-2024/,2024-01-10,2,2
ispt110124b,https://airwars.org/civilian-casualties/ispt110124b-january-11-2024/,2024-01-11,0,0
ispt170124n,https://airwars.org/civilian-casualties/ispt170124n-january-17-2024/,2024-01-17,0,0
ispt120524c,https://airwars.org/civilian-casualties/ispt120524c-may-12-2024/,2024-05-12,0,0
ispt120524d,https://airwars.org/civilian-casualties/ispt120524d-may-12-2024/,2024-05-12,1,1
ispt120524e,https://airwars.org/civilian-casualties/ispt120524e-may-12-2024/,2024-05-12,1,1
ispt120524g,https://airwars.org/civilian-casualties/ispt120524g-may-12-2024/,2024-05-12,1,1
ispt120524h,https://airwars.org/civilian-casualties/ispt120524h-may-12-2024/,2024-05-12,2,2
ispt120524i,https://airwars.org/civilian-casualties/ispt120524i-may-12-2024/,2024-05-12,1,1
